{
  "FCFS": {
    "policy": "FCFS",
    "completed": 872,
    "abandoned": 151,
    "total_tokens": 466772,
    "useful_tokens": 443989,
    "total_energy_J": 358578.5692050012,
    "wasted_energy_J": 0.0,
    "useful_energy_J": 358578.5692050012,
    "avg_step_energy_mJ": 44822.321150625,
    "peak_step_energy_mJ": 49483.75200000001,
    "p99_step_energy_mJ": 47406.466615,
    "energy_std_per_step_mJ": 6247.912437439068,
    "avg_batch_size": 58.3465,
    "batch_utilization": 97.24416666666667,
    "avg_position_in_batch": 322.97727975679084,
    "avg_position_sum": 19261.05125,
    "energy_per_useful_token_mJ": 807.6293989378141,
    "energy_efficiency": 1.238191677166767,
    "avg_energy_per_token_mJ": 768.2092524937253,
    "avg_ttft_steps": 230.99655963302752,
    "median_ttft_steps": 269.0,
    "p95_ttft_steps": 297.0,
    "p99_ttft_steps": 299.0,
    "avg_total_time_steps": 739.1582568807339,
    "avg_paused_steps": 0.0,
    "max_paused_steps": 0,
    "avg_delay_steps": 252.3698113207547,
    "econ": {
      "tokens_per_hour": 6659835.0,
      "throughput_tok_per_s": 1849.9541666666667,
      "total_cost_per_hour": 1.1046300583193756,
      "gpu_amort_per_hour": 0.8,
      "electricity_per_hour": 0.2046300583193756,
      "cost_per_M_tokens": 0.16586447837211818,
      "revenue_premium": 66.59835,
      "profit_premium": 65.49371994168062,
      "margin_premium": 98.34135521627883,
      "revenue_standard": 6.659835,
      "profit_standard": 5.555204941680625,
      "margin_standard": 83.41355216278818,
      "revenue_budget": 1.79815545,
      "profit_budget": 0.6935253916806245,
      "margin_budget": 38.568711714030314,
      "revenue_economy": 0.9323769000000002,
      "profit_economy": -0.17225315831937538,
      "margin_economy": -18.47462740865581
    }
  },
  "PAP": {
    "policy": "PAP",
    "completed": 875,
    "abandoned": 145,
    "total_tokens": 467874,
    "useful_tokens": 443632,
    "total_energy_J": 359355.30828600016,
    "wasted_energy_J": 0.0,
    "useful_energy_J": 359355.30828600016,
    "avg_step_energy_mJ": 44919.41353574999,
    "peak_step_energy_mJ": 49407.975000000006,
    "p99_step_energy_mJ": 47491.41122500002,
    "energy_std_per_step_mJ": 6272.185439888417,
    "avg_batch_size": 58.48425,
    "batch_utilization": 95.87581967213116,
    "avg_position_in_batch": 321.4842154050033,
    "avg_position_sum": 19217.1715,
    "energy_per_useful_token_mJ": 810.0301788103657,
    "energy_efficiency": 1.234521905675946,
    "avg_energy_per_token_mJ": 768.0600082201621,
    "avg_ttft_steps": 229.48685714285713,
    "median_ttft_steps": 267.0,
    "p95_ttft_steps": 296.29999999999995,
    "p99_ttft_steps": 299.0,
    "avg_total_time_steps": 737.8125714285715,
    "avg_paused_steps": 2.3177142857142856,
    "max_paused_steps": 283,
    "avg_delay_steps": 252.53625,
    "econ": {
      "tokens_per_hour": 6654480.0,
      "throughput_tok_per_s": 1848.4666666666667,
      "total_cost_per_hour": 1.10505079198825,
      "gpu_amort_per_hour": 0.8,
      "electricity_per_hour": 0.20505079198825008,
      "cost_per_M_tokens": 0.16606117863277822,
      "revenue_premium": 66.5448,
      "profit_premium": 65.43974920801175,
      "margin_premium": 98.33938821367222,
      "revenue_standard": 6.65448,
      "profit_standard": 5.54942920801175,
      "margin_standard": 83.39388213672217,
      "revenue_budget": 1.7967096,
      "profit_budget": 0.6916588080117501,
      "margin_budget": 38.495859765637704,
      "revenue_economy": 0.9316272000000001,
      "profit_economy": -0.17342359198824986,
      "margin_economy": -18.615127594841567
    }
  },
  "PB": {
    "policy": "PB",
    "completed": 891,
    "abandoned": 129,
    "total_tokens": 477636,
    "useful_tokens": 444380,
    "total_energy_J": 366798.6386884978,
    "wasted_energy_J": 0.0,
    "useful_energy_J": 366798.6386884978,
    "avg_step_energy_mJ": 45849.82983606249,
    "peak_step_energy_mJ": 49909.835,
    "p99_step_energy_mJ": 48925.831099999996,
    "energy_std_per_step_mJ": 6493.066152712047,
    "avg_batch_size": 59.7045,
    "batch_utilization": 96.29758064516129,
    "avg_position_in_batch": 321.02826954853407,
    "avg_position_sum": 19553.897125,
    "energy_per_useful_token_mJ": 825.4166224593768,
    "energy_efficiency": 1.2115094036032883,
    "avg_energy_per_token_mJ": 767.9459644760818,
    "avg_ttft_steps": 135.9483726150393,
    "median_ttft_steps": 133.0,
    "p95_ttft_steps": 292.0,
    "p99_ttft_steps": 298.0,
    "avg_total_time_steps": 791.9371492704826,
    "avg_paused_steps": 31.059483726150393,
    "max_paused_steps": 230,
    "avg_delay_steps": 329.5510718789407,
    "econ": {
      "tokens_per_hour": 6665700.0,
      "throughput_tok_per_s": 1851.5833333333333,
      "total_cost_per_hour": 1.1090825959562696,
      "gpu_amort_per_hour": 0.8,
      "electricity_per_hour": 0.20908259595626966,
      "cost_per_M_tokens": 0.16638651543817898,
      "revenue_premium": 66.657,
      "profit_premium": 65.54791740404373,
      "margin_premium": 98.33613484561822,
      "revenue_standard": 6.6657,
      "profit_standard": 5.556617404043731,
      "margin_standard": 83.3613484561821,
      "revenue_budget": 1.7997390000000002,
      "profit_budget": 0.6906564040437306,
      "margin_budget": 38.375364652526315,
      "revenue_economy": 0.9331980000000001,
      "profit_economy": -0.17588459595626948,
      "margin_economy": -18.847511027270684
    }
  }
}