{
  "FCFS": {
    "policy": "FCFS",
    "completed": 885,
    "abandoned": 40,
    "total_tokens": 465293,
    "useful_tokens": 444571,
    "total_energy_J": 357286.7021714648,
    "wasted_energy_J": 0.0,
    "useful_energy_J": 357286.7021714648,
    "avg_step_energy_mJ": 44660.83777143277,
    "peak_step_energy_mJ": 49387.90713914626,
    "p99_step_energy_mJ": 47411.12681825588,
    "energy_std_per_step_mJ": 6418.219363053993,
    "avg_batch_size": 58.161625,
    "batch_utilization": 96.93604166666667,
    "avg_position_in_batch": 318.9065762883851,
    "avg_position_sum": 18985.509875,
    "energy_per_useful_token_mJ": 803.6662359251161,
    "energy_efficiency": 1.2442976391174132,
    "avg_energy_per_token_mJ": 767.8746556932186,
    "avg_ttft_steps": 154.28926553672315,
    "median_ttft_steps": 168.0,
    "p95_ttft_steps": 242.0,
    "p99_ttft_steps": 247.0,
    "avg_total_time_steps": 655.6293785310735,
    "avg_paused_steps": 0.0,
    "max_paused_steps": 0,
    "avg_delay_steps": 174.2836970474968,
    "econ": {
      "tokens_per_hour": 6668565.0,
      "throughput_tok_per_s": 1852.3791666666666,
      "total_cost_per_hour": 0.7117908910286302,
      "gpu_amort_per_hour": 0.0,
      "electricity_per_hour": 0.6117908910286303,
      "cost_per_M_tokens": 0.10673823994047149,
      "revenue_premium": 66.68565,
      "profit_premium": 65.97385910897137,
      "margin_premium": 98.93261760059528,
      "revenue_standard": 6.668565,
      "profit_standard": 5.95677410897137,
      "margin_standard": 89.32617600595285,
      "revenue_budget": 1.80051255,
      "profit_budget": 1.08872165897137,
      "margin_budget": 60.467318540566126,
      "revenue_economy": 0.9335991000000001,
      "profit_economy": 0.22180820897136988,
      "margin_economy": 23.758400042520375
    }
  },
  "PAP": {
    "policy": "PAP",
    "completed": 893,
    "abandoned": 35,
    "total_tokens": 466640,
    "useful_tokens": 445935,
    "total_energy_J": 358266.59871027444,
    "wasted_energy_J": 0.0,
    "useful_energy_J": 358266.59871027444,
    "avg_step_energy_mJ": 44783.32483878431,
    "peak_step_energy_mJ": 49542.7445736486,
    "p99_step_energy_mJ": 47564.32343815378,
    "energy_std_per_step_mJ": 6451.137851815616,
    "avg_batch_size": 58.33,
    "batch_utilization": 95.62295081967213,
    "avg_position_in_batch": 317.59988060438553,
    "avg_position_sum": 18964.0425,
    "energy_per_useful_token_mJ": 803.4054261501664,
    "energy_efficiency": 1.2447015758804294,
    "avg_energy_per_token_mJ": 767.7580119798441,
    "avg_ttft_steps": 146.52295632698767,
    "median_ttft_steps": 156.0,
    "p95_ttft_steps": 244.39999999999998,
    "p99_ttft_steps": 249.0,
    "avg_total_time_steps": 647.656215005599,
    "avg_paused_steps": 2.765957446808511,
    "max_paused_steps": 326,
    "avg_delay_steps": 167.11475409836066,
    "econ": {
      "tokens_per_hour": 6689025.0,
      "throughput_tok_per_s": 1858.0625,
      "total_cost_per_hour": 0.713383222904196,
      "gpu_amort_per_hour": 0.0,
      "electricity_per_hour": 0.6133832229041959,
      "cost_per_M_tokens": 0.1066498066465884,
      "revenue_premium": 66.89025,
      "profit_premium": 66.1768667770958,
      "margin_premium": 98.9335019335341,
      "revenue_standard": 6.689025,
      "profit_standard": 5.975641777095804,
      "margin_standard": 89.33501933534116,
      "revenue_budget": 1.8060367500000003,
      "profit_budget": 1.0926535270958042,
      "margin_budget": 60.50007161237466,
      "revenue_economy": 0.9364635000000001,
      "profit_economy": 0.22308027709580414,
      "margin_economy": 23.821566681008292
    }
  },
  "PB": {
    "policy": "PB",
    "completed": 845,
    "abandoned": 75,
    "total_tokens": 450440,
    "useful_tokens": 413135,
    "total_energy_J": 345615.5439329921,
    "wasted_energy_J": 12301.40053070567,
    "useful_energy_J": 333314.1434022864,
    "avg_step_energy_mJ": 43201.94299162406,
    "peak_step_energy_mJ": 47802.02540965641,
    "p99_step_energy_mJ": 45891.159012863056,
    "energy_std_per_step_mJ": 6100.774779042184,
    "avg_batch_size": 56.305,
    "batch_utilization": 97.07758620689656,
    "avg_position_in_batch": 313.27492672613613,
    "avg_position_sum": 18041.4585,
    "energy_per_useful_token_mJ": 836.5680562842463,
    "energy_efficiency": 1.1953600098498423,
    "avg_energy_per_token_mJ": 767.2843085272003,
    "avg_ttft_steps": 165.09112426035503,
    "median_ttft_steps": 192.0,
    "p95_ttft_steps": 242.0,
    "p99_ttft_steps": 247.55999999999995,
    "avg_total_time_steps": 661.4201183431952,
    "avg_paused_steps": 8.411834319526628,
    "max_paused_steps": 669,
    "avg_delay_steps": 189.8984375,
    "econ": {
      "tokens_per_hour": 6197025.0,
      "throughput_tok_per_s": 1721.3958333333333,
      "total_cost_per_hour": 0.6928252588911121,
      "gpu_amort_per_hour": 0.0,
      "electricity_per_hour": 0.592825258891112,
      "cost_per_M_tokens": 0.11179965530090845,
      "revenue_premium": 61.97025,
      "profit_premium": 61.27742474110889,
      "margin_premium": 98.88200344699092,
      "revenue_standard": 6.197025,
      "profit_standard": 5.504199741108888,
      "margin_standard": 88.82003446990916,
      "revenue_budget": 1.67319675,
      "profit_budget": 0.9803714911088879,
      "margin_budget": 58.5927202589228,
      "revenue_economy": 0.8675835000000001,
      "profit_economy": 0.17475824110888794,
      "margin_economy": 20.143103356493977
    }
  }
}