{
  "FCFS": {
    "policy": "FCFS",
    "completed": 72,
    "abandoned": 539,
    "total_tokens": 288016,
    "useful_tokens": 136100,
    "total_energy_J": 257264.09932999965,
    "wasted_energy_J": 0.0,
    "useful_energy_J": 257264.09932999965,
    "avg_step_energy_mJ": 51452.819866,
    "peak_step_energy_mJ": 60269.33800000002,
    "p99_step_energy_mJ": 59229.55815000002,
    "energy_std_per_step_mJ": 10005.965332262149,
    "avg_batch_size": 57.6032,
    "batch_utilization": 96.00533333333333,
    "avg_position_in_batch": 1530.329943259512,
    "avg_position_sum": 91658.452,
    "energy_per_useful_token_mJ": 1890.2578936811142,
    "energy_efficiency": 0.5290283422928002,
    "avg_energy_per_token_mJ": 893.2284988681172,
    "avg_ttft_steps": 149.08333333333334,
    "median_ttft_steps": 0.0,
    "p95_ttft_steps": 498.45,
    "p99_ttft_steps": 499,
    "avg_total_time_steps": 2038.361111111111,
    "avg_paused_steps": 0.0,
    "max_paused_steps": 0,
    "avg_delay_steps": 465.69565217391306,
    "econ": {
      "tokens_per_hour": 3266400.0,
      "throughput_tok_per_s": 907.3333333333334,
      "total_cost_per_hour": 1.133362219419333,
      "gpu_amort_per_hour": 0.8,
      "electricity_per_hour": 0.23336221941933308,
      "cost_per_M_tokens": 0.3469759427563473,
      "revenue_premium": 32.664,
      "profit_premium": 31.53063778058067,
      "margin_premium": 96.53024057243653,
      "revenue_standard": 3.2664,
      "profit_standard": 2.133037780580667,
      "margin_standard": 65.30240572436526,
      "revenue_budget": 0.881928,
      "profit_budget": -0.25143421941933286,
      "margin_budget": -28.509608428276778,
      "revenue_economy": 0.45729600000000004,
      "profit_economy": -0.6760662194193329,
      "margin_economy": -147.83995911167665
    }
  },
  "PAP": {
    "policy": "PAP",
    "completed": 72,
    "abandoned": 538,
    "total_tokens": 289571,
    "useful_tokens": 133871,
    "total_energy_J": 258696.25353800008,
    "wasted_energy_J": 0.0,
    "useful_energy_J": 258696.25353800008,
    "avg_step_energy_mJ": 51739.25070759999,
    "peak_step_energy_mJ": 60919.71049999999,
    "p99_step_energy_mJ": 60276.95430500001,
    "energy_std_per_step_mJ": 10108.2868716105,
    "avg_batch_size": 57.9142,
    "batch_utilization": 94.94131147540983,
    "avg_position_in_batch": 1531.0628745163424,
    "avg_position_sum": 92238.6152,
    "energy_per_useful_token_mJ": 1932.429380059909,
    "energy_efficiency": 0.5174833348730178,
    "avg_energy_per_token_mJ": 893.3776294518445,
    "avg_ttft_steps": 147.73611111111111,
    "median_ttft_steps": 0.0,
    "p95_ttft_steps": 498.45,
    "p99_ttft_steps": 499,
    "avg_total_time_steps": 2008.0694444444443,
    "avg_paused_steps": 2.013888888888889,
    "max_paused_steps": 66,
    "avg_delay_steps": 413.6923076923077,
    "econ": {
      "tokens_per_hour": 3212904.0,
      "throughput_tok_per_s": 892.4733333333334,
      "total_cost_per_hour": 1.1346034197329333,
      "gpu_amort_per_hour": 0.8,
      "electricity_per_hour": 0.23460341973293344,
      "cost_per_M_tokens": 0.35313953349771215,
      "revenue_premium": 32.12904,
      "profit_premium": 30.99443658026707,
      "margin_premium": 96.46860466502288,
      "revenue_standard": 3.212904,
      "profit_standard": 2.078300580267067,
      "margin_standard": 64.68604665022879,
      "revenue_budget": 0.8674840800000001,
      "profit_budget": -0.2671193397329332,
      "margin_budget": -30.79241981396744,
      "revenue_economy": 0.4498065600000001,
      "profit_economy": -0.6847968597329332,
      "margin_economy": -152.2425239269372
    }
  },
  "PB": {
    "policy": "PB",
    "completed": 69,
    "abandoned": 519,
    "total_tokens": 290788,
    "useful_tokens": 98065,
    "total_energy_J": 245724.35665399983,
    "wasted_energy_J": 50443.45247649999,
    "useful_energy_J": 195280.90417749982,
    "avg_step_energy_mJ": 49144.87133079999,
    "peak_step_energy_mJ": 57589.34149999999,
    "p99_step_energy_mJ": 56392.818385,
    "energy_std_per_step_mJ": 9148.025901254961,
    "avg_batch_size": 58.1576,
    "batch_utilization": 93.8025806451613,
    "avg_position_in_batch": 1071.7245947648883,
    "avg_position_sum": 64551.2216,
    "energy_per_useful_token_mJ": 2505.7294310304374,
    "energy_efficiency": 0.39908538711969693,
    "avg_energy_per_token_mJ": 845.0292194107042,
    "avg_ttft_steps": 142.44927536231884,
    "median_ttft_steps": 0.0,
    "p95_ttft_steps": 496.2,
    "p99_ttft_steps": 499,
    "avg_total_time_steps": 1605.5217391304348,
    "avg_paused_steps": 17.942028985507246,
    "max_paused_steps": 495,
    "avg_delay_steps": 472.51851851851853,
    "econ": {
      "tokens_per_hour": 2353560.0,
      "throughput_tok_per_s": 653.7666666666667,
      "total_cost_per_hour": 1.123361109100133,
      "gpu_amort_per_hour": 0.8,
      "electricity_per_hour": 0.2233611091001332,
      "cost_per_M_tokens": 0.4773029406941539,
      "revenue_premium": 23.5356,
      "profit_premium": 22.412238890899864,
      "margin_premium": 95.22697059305845,
      "revenue_standard": 2.35356,
      "profit_standard": 1.230198890899867,
      "margin_standard": 52.2697059305846,
      "revenue_budget": 0.6354612000000001,
      "profit_budget": -0.4878999091001329,
      "margin_budget": -76.7788669237607,
      "revenue_economy": 0.3294984,
      "profit_economy": -0.7938627091001329,
      "margin_economy": -240.93067192439563
    }
  }
}