{
  "FCFS": {
    "policy": "FCFS",
    "completed": 892,
    "abandoned": 373,
    "total_tokens": 469120,
    "useful_tokens": 447391,
    "total_energy_J": 360143.2790969994,
    "wasted_energy_J": 0.0,
    "useful_energy_J": 360143.2790969994,
    "avg_step_energy_mJ": 45017.909887125,
    "peak_step_energy_mJ": 49380.13649999999,
    "p99_step_energy_mJ": 47420.11752999998,
    "energy_std_per_step_mJ": 5688.720620754946,
    "avg_batch_size": 58.64,
    "batch_utilization": 97.73333333333333,
    "avg_position_in_batch": 318.6083454846805,
    "avg_position_sum": 19039.32425,
    "energy_per_useful_token_mJ": 804.9855251826689,
    "energy_efficiency": 1.2422583620656757,
    "avg_energy_per_token_mJ": 767.6996911174101,
    "avg_ttft_steps": 252.6670403587444,
    "median_ttft_steps": 285.0,
    "p95_ttft_steps": 298.0,
    "p99_ttft_steps": 299.0,
    "avg_total_time_steps": 753.2264573991031,
    "avg_paused_steps": 0.0,
    "max_paused_steps": 0,
    "avg_delay_steps": 272.18666666666667,
    "econ": {
      "tokens_per_hour": 6710865.0,
      "throughput_tok_per_s": 1864.1291666666666,
      "total_cost_per_hour": 1.1054776095108745,
      "gpu_amort_per_hour": 0.8,
      "electricity_per_hour": 0.20547760951087465,
      "cost_per_M_tokens": 0.16472952585260983,
      "revenue_premium": 67.10865,
      "profit_premium": 66.00317239048913,
      "margin_premium": 98.3527047414739,
      "revenue_standard": 6.710865,
      "profit_standard": 5.605387390489126,
      "margin_standard": 83.52704741473902,
      "revenue_budget": 1.81193355,
      "profit_budget": 0.7064559404891255,
      "margin_budget": 38.9890644990334,
      "revenue_economy": 0.9395211000000001,
      "profit_economy": -0.16595650951087437,
      "margin_economy": -17.66394703757844
    }
  },
  "PAP": {
    "policy": "PAP",
    "completed": 891,
    "abandoned": 374,
    "total_tokens": 470512,
    "useful_tokens": 448699,
    "total_energy_J": 361269.72364849976,
    "wasted_energy_J": 0.0,
    "useful_energy_J": 361269.72364849976,
    "avg_step_energy_mJ": 45158.7154560625,
    "peak_step_energy_mJ": 50305.57749999999,
    "p99_step_energy_mJ": 47471.914225,
    "energy_std_per_step_mJ": 5720.2245373917585,
    "avg_batch_size": 58.814,
    "batch_utilization": 96.41639344262295,
    "avg_position_in_batch": 319.8746846581778,
    "avg_position_sum": 19173.037125,
    "energy_per_useful_token_mJ": 805.1493844392337,
    "energy_efficiency": 1.2420055449666334,
    "avg_energy_per_token_mJ": 767.8225500061629,
    "avg_ttft_steps": 250.7665544332211,
    "median_ttft_steps": 285.0,
    "p95_ttft_steps": 298.0,
    "p99_ttft_steps": 299.0,
    "avg_total_time_steps": 756.2053872053872,
    "avg_paused_steps": 2.8484848484848486,
    "max_paused_steps": 358,
    "avg_delay_steps": 271.2542168674699,
    "econ": {
      "tokens_per_hour": 6730485.0,
      "throughput_tok_per_s": 1869.5791666666667,
      "total_cost_per_hour": 1.1060877669762705,
      "gpu_amort_per_hour": 0.8,
      "electricity_per_hour": 0.20608776697627068,
      "cost_per_M_tokens": 0.16433997950760912,
      "revenue_premium": 67.30485,
      "profit_premium": 66.19876223302373,
      "margin_premium": 98.35660020492391,
      "revenue_standard": 6.730485,
      "profit_standard": 5.624397233023729,
      "margin_standard": 83.56600204923909,
      "revenue_budget": 1.8172309500000001,
      "profit_budget": 0.7111431830237296,
      "margin_budget": 39.13334092310774,
      "revenue_economy": 0.9422679000000002,
      "profit_economy": -0.16381986697627038,
      "margin_economy": -17.385699648292206
    }
  },
  "PB": {
    "policy": "PB",
    "completed": 892,
    "abandoned": 344,
    "total_tokens": 480610,
    "useful_tokens": 438632,
    "total_energy_J": 368814.7749244998,
    "wasted_energy_J": 0.0,
    "useful_energy_J": 368814.7749244998,
    "avg_step_energy_mJ": 46101.8468655625,
    "peak_step_energy_mJ": 50388.653999999995,
    "p99_step_energy_mJ": 48796.31876000001,
    "energy_std_per_step_mJ": 5916.177003058817,
    "avg_batch_size": 60.07625,
    "batch_utilization": 96.89717741935485,
    "avg_position_in_batch": 316.08399456695616,
    "avg_position_sum": 19311.956125,
    "energy_per_useful_token_mJ": 840.8296132623699,
    "energy_efficiency": 1.1893015947904813,
    "avg_energy_per_token_mJ": 767.3888910436733,
    "avg_ttft_steps": 189.9585201793722,
    "median_ttft_steps": 206.0,
    "p95_ttft_steps": 297.0,
    "p99_ttft_steps": 299.0,
    "avg_total_time_steps": 834.4383408071749,
    "avg_paused_steps": 29.83968609865471,
    "max_paused_steps": 228,
    "avg_delay_steps": 367.0420168067227,
    "econ": {
      "tokens_per_hour": 6579480.0,
      "throughput_tok_per_s": 1827.6333333333334,
      "total_cost_per_hour": 1.1101746697507706,
      "gpu_amort_per_hour": 0.8,
      "electricity_per_hour": 0.21017466975077073,
      "cost_per_M_tokens": 0.16873288918740853,
      "revenue_premium": 65.7948,
      "profit_premium": 64.68462533024922,
      "margin_premium": 98.3126711081259,
      "revenue_standard": 6.57948,
      "profit_standard": 5.469305330249229,
      "margin_standard": 83.12671108125915,
      "revenue_budget": 1.7764596000000001,
      "profit_budget": 0.6662849302492295,
      "margin_budget": 37.50633733799685,
      "revenue_economy": 0.9211272,
      "profit_economy": -0.18904746975077058,
      "margin_economy": -20.52349227672037
    }
  }
}