{
  "FCFS": {
    "policy": "FCFS",
    "completed": 394,
    "abandoned": 1147,
    "total_tokens": 1177055,
    "useful_tokens": 1061458,
    "total_energy_J": 1096334.0512249991,
    "wasted_energy_J": 0.0,
    "useful_energy_J": 1096334.0512249991,
    "avg_step_energy_mJ": 54816.70256124999,
    "peak_step_energy_mJ": 60101.00050000001,
    "p99_step_energy_mJ": 59017.17588999999,
    "energy_std_per_step_mJ": 7204.0767822429,
    "avg_batch_size": 58.85275,
    "batch_utilization": 98.08791666666666,
    "avg_position_in_batch": 1936.73948892901,
    "avg_position_sum": 116059.9425,
    "energy_per_useful_token_mJ": 1032.856741599761,
    "energy_efficiency": 0.9681884812516495,
    "avg_energy_per_token_mJ": 931.4212600303292,
    "avg_ttft_steps": 481.0888324873096,
    "median_ttft_steps": 584.0,
    "p95_ttft_steps": 599.0,
    "p99_ttft_steps": 599.0,
    "avg_total_time_steps": 3174.1446700507613,
    "avg_paused_steps": 0.0,
    "max_paused_steps": 0,
    "avg_delay_steps": 580.4386503067485,
    "econ": {
      "tokens_per_hour": 6368748.0,
      "throughput_tok_per_s": 1769.0966666666666,
      "total_cost_per_hour": 1.1479390444320832,
      "gpu_amort_per_hour": 0.8,
      "electricity_per_hour": 0.24793904443208314,
      "cost_per_M_tokens": 0.18024563767196994,
      "revenue_premium": 63.68748,
      "profit_premium": 62.539540955567915,
      "margin_premium": 98.1975436232803,
      "revenue_standard": 6.368748,
      "profit_standard": 5.220808955567917,
      "margin_standard": 81.975436232803,
      "revenue_budget": 1.7195619600000003,
      "profit_budget": 0.5716229155679171,
      "margin_budget": 33.242356417788926,
      "revenue_economy": 0.89162472,
      "profit_economy": -0.25631432443208313,
      "margin_economy": -28.74688405140709
    }
  },
  "PAP": {
    "policy": "PAP",
    "completed": 369,
    "abandoned": 1172,
    "total_tokens": 1182329,
    "useful_tokens": 1052492,
    "total_energy_J": 1108504.336892499,
    "wasted_energy_J": 0.0,
    "useful_energy_J": 1108504.336892499,
    "avg_step_energy_mJ": 55425.216844625,
    "peak_step_energy_mJ": 61052.37049999999,
    "p99_step_energy_mJ": 59862.44004499998,
    "energy_std_per_step_mJ": 7357.780370607812,
    "avg_batch_size": 59.11645,
    "batch_utilization": 96.9122131147541,
    "avg_position_in_batch": 1997.1074499126162,
    "avg_position_sum": 120205.93925,
    "energy_per_useful_token_mJ": 1053.2187768576853,
    "energy_efficiency": 0.9494703493452088,
    "avg_energy_per_token_mJ": 937.5599658745568,
    "avg_ttft_steps": 471.6747967479675,
    "median_ttft_steps": 583.0,
    "p95_ttft_steps": 599.0,
    "p99_ttft_steps": 599.0,
    "avg_total_time_steps": 3325.6666666666665,
    "avg_paused_steps": 2.710027100271003,
    "max_paused_steps": 159,
    "avg_delay_steps": 569.1889250814332,
    "econ": {
      "tokens_per_hour": 6314952.0,
      "throughput_tok_per_s": 1754.1533333333334,
      "total_cost_per_hour": 1.1505759396600412,
      "gpu_amort_per_hour": 0.8,
      "electricity_per_hour": 0.2505759396600415,
      "cost_per_M_tokens": 0.18219868332491543,
      "revenue_premium": 63.14952,
      "profit_premium": 61.99894406033996,
      "margin_premium": 98.17801316675084,
      "revenue_standard": 6.314952,
      "profit_standard": 5.164376060339959,
      "margin_standard": 81.78013166750846,
      "revenue_budget": 1.7050370400000001,
      "profit_budget": 0.5544611003399589,
      "margin_budget": 32.51900617595726,
      "revenue_economy": 0.88409328,
      "profit_economy": -0.26648265966004125,
      "margin_economy": -30.141916660653866
    }
  },
  "PB": {
    "policy": "PB",
    "completed": 353,
    "abandoned": 1143,
    "total_tokens": 1196797,
    "useful_tokens": 851799,
    "total_energy_J": 1087107.890575998,
    "wasted_energy_J": 145202.52904199998,
    "useful_energy_J": 941905.3615339982,
    "avg_step_energy_mJ": 54355.394528799996,
    "peak_step_energy_mJ": 68995.35100000001,
    "p99_step_energy_mJ": 67324.70953499999,
    "energy_std_per_step_mJ": 8420.90721004456,
    "avg_batch_size": 59.83985,
    "batch_utilization": 96.5158870967742,
    "avg_position_in_batch": 1717.420855024109,
    "avg_position_sum": 104241.1776,
    "energy_per_useful_token_mJ": 1276.2493153619553,
    "energy_efficiency": 0.7835459639141052,
    "avg_energy_per_token_mJ": 908.347773746089,
    "avg_ttft_steps": 361.09065155807366,
    "median_ttft_steps": 388.0,
    "p95_ttft_steps": 595.0,
    "p99_ttft_steps": 598.48,
    "avg_total_time_steps": 3520.490084985836,
    "avg_paused_steps": 54.0,
    "max_paused_steps": 404,
    "avg_delay_steps": 1273.5504885993485,
    "econ": {
      "tokens_per_hour": 5110794.0,
      "throughput_tok_per_s": 1419.665,
      "total_cost_per_hour": 1.1459400429581328,
      "gpu_amort_per_hour": 0.8,
      "electricity_per_hour": 0.24594004295813288,
      "cost_per_M_tokens": 0.2242195719409025,
      "revenue_premium": 51.10794,
      "profit_premium": 49.96199995704187,
      "margin_premium": 97.75780428059097,
      "revenue_standard": 5.110794,
      "profit_standard": 3.9648539570418677,
      "margin_standard": 77.57804280590975,
      "revenue_budget": 1.3799143800000002,
      "profit_budget": 0.23397433704186743,
      "margin_budget": 16.955714095962055,
      "revenue_economy": 0.71551116,
      "profit_economy": -0.43042888295813275,
      "margin_economy": -60.15683710064462
    }
  }
}