{
  "FCFS": {
    "policy": "FCFS",
    "completed": 885,
    "abandoned": 40,
    "total_tokens": 465293,
    "useful_tokens": 444571,
    "total_energy_J": 357286.7021714648,
    "wasted_energy_J": 0.0,
    "useful_energy_J": 357286.7021714648,
    "avg_step_energy_mJ": 44660.83777143277,
    "peak_step_energy_mJ": 49387.90713914626,
    "p99_step_energy_mJ": 47411.12681825588,
    "energy_std_per_step_mJ": 6418.219363053993,
    "avg_batch_size": 58.161625,
    "batch_utilization": 96.93604166666667,
    "avg_position_in_batch": 318.9065762883851,
    "avg_position_sum": 18985.509875,
    "energy_per_useful_token_mJ": 803.6662359251161,
    "energy_efficiency": 1.2442976391174132,
    "avg_energy_per_token_mJ": 767.8746556932186,
    "avg_ttft_steps": 154.28926553672315,
    "median_ttft_steps": 168.0,
    "p95_ttft_steps": 242.0,
    "p99_ttft_steps": 247.0,
    "avg_total_time_steps": 655.6293785310735,
    "avg_paused_steps": 0.0,
    "max_paused_steps": 0,
    "avg_delay_steps": 174.2836970474968,
    "econ": {
      "tokens_per_hour": 6668565.0,
      "throughput_tok_per_s": 1852.3791666666666,
      "total_cost_per_hour": 1.1039302970095435,
      "gpu_amort_per_hour": 0.8,
      "electricity_per_hour": 0.20393029700954346,
      "cost_per_M_tokens": 0.165542406351223,
      "revenue_premium": 66.68565,
      "profit_premium": 65.58171970299045,
      "margin_premium": 98.34457593648777,
      "revenue_standard": 6.668565,
      "profit_standard": 5.564634702990457,
      "margin_standard": 83.4457593648777,
      "revenue_budget": 1.80051255,
      "profit_budget": 0.6965822529904566,
      "margin_budget": 38.687997647695184,
      "revenue_economy": 0.9335991000000001,
      "profit_economy": -0.17033119700954336,
      "margin_economy": -18.244575965159278
    }
  },
  "PAP": {
    "policy": "PAP",
    "completed": 893,
    "abandoned": 35,
    "total_tokens": 466640,
    "useful_tokens": 445935,
    "total_energy_J": 358266.59871027444,
    "wasted_energy_J": 0.0,
    "useful_energy_J": 358266.59871027444,
    "avg_step_energy_mJ": 44783.32483878431,
    "peak_step_energy_mJ": 49542.7445736486,
    "p99_step_energy_mJ": 47564.32343815378,
    "energy_std_per_step_mJ": 6451.137851815616,
    "avg_batch_size": 58.33,
    "batch_utilization": 95.62295081967213,
    "avg_position_in_batch": 317.59988060438553,
    "avg_position_sum": 18964.0425,
    "energy_per_useful_token_mJ": 803.4054261501664,
    "energy_efficiency": 1.2447015758804294,
    "avg_energy_per_token_mJ": 767.7580119798441,
    "avg_ttft_steps": 146.52295632698767,
    "median_ttft_steps": 156.0,
    "p95_ttft_steps": 244.39999999999998,
    "p99_ttft_steps": 249.0,
    "avg_total_time_steps": 647.656215005599,
    "avg_paused_steps": 2.765957446808511,
    "max_paused_steps": 326,
    "avg_delay_steps": 167.11475409836066,
    "econ": {
      "tokens_per_hour": 6689025.0,
      "throughput_tok_per_s": 1858.0625,
      "total_cost_per_hour": 1.1044610743013985,
      "gpu_amort_per_hour": 0.8,
      "electricity_per_hour": 0.20446107430139865,
      "cost_per_M_tokens": 0.16511540535450211,
      "revenue_premium": 66.89025,
      "profit_premium": 65.7857889256986,
      "margin_premium": 98.34884594645497,
      "revenue_standard": 6.689025,
      "profit_standard": 5.5845639256986015,
      "margin_standard": 83.48845946454979,
      "revenue_budget": 1.8060367500000003,
      "profit_budget": 0.7015756756986018,
      "margin_budget": 38.846146164999226,
      "revenue_economy": 0.9364635000000001,
      "profit_economy": -0.1679975743013984,
      "margin_economy": -17.939575253215782
    }
  },
  "PB": {
    "policy": "PB",
    "completed": 577,
    "abandoned": 344,
    "total_tokens": 402208,
    "useful_tokens": 185634,
    "total_energy_J": 305529.3378552888,
    "wasted_energy_J": 141573.01943553792,
    "useful_energy_J": 163956.31841975087,
    "avg_step_energy_mJ": 38191.16723191105,
    "peak_step_energy_mJ": 40505.06776390163,
    "p99_step_energy_mJ": 40459.15007461337,
    "energy_std_per_step_mJ": 5067.0890082439355,
    "avg_batch_size": 50.276,
    "batch_utilization": 96.6846153846154,
    "avg_position_in_batch": 235.16537458842276,
    "avg_position_sum": 12035.5825,
    "energy_per_useful_token_mJ": 1645.8694951102104,
    "energy_efficiency": 0.6075815871008886,
    "avg_energy_per_token_mJ": 759.6301860114389,
    "avg_ttft_steps": 0.04852686308492201,
    "median_ttft_steps": 0.0,
    "p95_ttft_steps": 0.0,
    "p99_ttft_steps": 1.0,
    "avg_total_time_steps": 372.67590987868283,
    "avg_paused_steps": 8.010398613518198,
    "max_paused_steps": 370,
    "avg_delay_steps": 301.7979797979798,
    "econ": {
      "tokens_per_hour": 2784510.0,
      "throughput_tok_per_s": 773.475,
      "total_cost_per_hour": 1.075895058004948,
      "gpu_amort_per_hour": 0.8,
      "electricity_per_hour": 0.17589505800494812,
      "cost_per_M_tokens": 0.38638577631430593,
      "revenue_premium": 27.8451,
      "profit_premium": 26.76920494199505,
      "margin_premium": 96.13614223685694,
      "revenue_standard": 2.78451,
      "profit_standard": 1.708614941995052,
      "margin_standard": 61.36142236856941,
      "revenue_budget": 0.7518177,
      "profit_budget": -0.32407735800494797,
      "margin_budget": -43.105843079372555,
      "revenue_economy": 0.38983140000000005,
      "profit_economy": -0.686063658004948,
      "margin_economy": -175.98984022450418
    }
  }
}