{
  "FCFS": {
    "policy": "FCFS",
    "completed": 358,
    "abandoned": 1919,
    "total_tokens": 1186942,
    "useful_tokens": 1064089,
    "total_energy_J": 1108108.6388985016,
    "wasted_energy_J": 0.0,
    "useful_energy_J": 1108108.6388985016,
    "avg_step_energy_mJ": 55405.431944924996,
    "peak_step_energy_mJ": 60741.28599999999,
    "p99_step_energy_mJ": 59660.60063999998,
    "energy_std_per_step_mJ": 5841.997637072228,
    "avg_batch_size": 59.3471,
    "batch_utilization": 98.91183333333333,
    "avg_position_in_batch": 1972.9828913379774,
    "avg_position_sum": 118333.39985,
    "energy_per_useful_token_mJ": 1041.3683807449393,
    "energy_efficiency": 0.9602749790469474,
    "avg_energy_per_token_mJ": 933.5828026125132,
    "avg_ttft_steps": 638.9748603351956,
    "median_ttft_steps": 791.0,
    "p95_ttft_steps": 799.0,
    "p99_ttft_steps": 799.0,
    "avg_total_time_steps": 3610.290502793296,
    "avg_paused_steps": 0.0,
    "max_paused_steps": 0,
    "avg_delay_steps": 774.4338983050848,
    "econ": {
      "tokens_per_hour": 6384534.0,
      "throughput_tok_per_s": 1773.4816666666666,
      "total_cost_per_hour": 1.1504902050946753,
      "gpu_amort_per_hour": 0.8,
      "electricity_per_hour": 0.25049020509467534,
      "cost_per_M_tokens": 0.18019955804052032,
      "revenue_premium": 63.84534,
      "profit_premium": 62.69484979490532,
      "margin_premium": 98.1980044195948,
      "revenue_standard": 6.384534,
      "profit_standard": 5.234043794905325,
      "margin_standard": 81.98004419594798,
      "revenue_budget": 1.7238241800000003,
      "profit_budget": 0.573333974905325,
      "margin_budget": 33.25942294795545,
      "revenue_economy": 0.8938347600000002,
      "profit_economy": -0.2566554450946751,
      "margin_economy": -28.71397002894305
    }
  },
  "PAP": {
    "policy": "PAP",
    "completed": 360,
    "abandoned": 1916,
    "total_tokens": 1193356,
    "useful_tokens": 1053688,
    "total_energy_J": 1115806.2699679993,
    "wasted_energy_J": 0.0,
    "useful_energy_J": 1115806.2699679993,
    "avg_step_energy_mJ": 55790.3134984,
    "peak_step_energy_mJ": 60678.2725,
    "p99_step_energy_mJ": 59799.929045,
    "energy_std_per_step_mJ": 5899.694764092976,
    "avg_batch_size": 59.6678,
    "batch_utilization": 97.81606557377049,
    "avg_position_in_batch": 1987.109089766939,
    "avg_position_sum": 119823.5568,
    "energy_per_useful_token_mJ": 1058.9531910470644,
    "energy_efficiency": 0.9443288036284463,
    "avg_energy_per_token_mJ": 935.0154270544575,
    "avg_ttft_steps": 638.5611111111111,
    "median_ttft_steps": 791.0,
    "p95_ttft_steps": 799.0,
    "p99_ttft_steps": 799.0,
    "avg_total_time_steps": 3567.222222222222,
    "avg_paused_steps": 2.75,
    "max_paused_steps": 243,
    "avg_delay_steps": 766.0166112956811,
    "econ": {
      "tokens_per_hour": 6322128.0,
      "throughput_tok_per_s": 1756.1466666666668,
      "total_cost_per_hour": 1.1521580251597332,
      "gpu_amort_per_hour": 0.8,
      "electricity_per_hour": 0.25215802515973323,
      "cost_per_M_tokens": 0.18224212245619403,
      "revenue_premium": 63.22128,
      "profit_premium": 62.069121974840264,
      "margin_premium": 98.17757877543805,
      "revenue_standard": 6.322128,
      "profit_standard": 5.169969974840267,
      "margin_standard": 81.7757877543806,
      "revenue_budget": 1.7069745600000001,
      "profit_budget": 0.5548165348402669,
      "margin_budget": 32.50291760881702,
      "revenue_economy": 0.8850979200000001,
      "profit_economy": -0.2670601051597331,
      "margin_economy": -30.172944611567164
    }
  },
  "PB": {
    "policy": "PB",
    "completed": 336,
    "abandoned": 1895,
    "total_tokens": 1214728,
    "useful_tokens": 877986,
    "total_energy_J": 1110867.6917154978,
    "wasted_energy_J": 76380.878781,
    "useful_energy_J": 1034486.8129344977,
    "avg_step_energy_mJ": 55543.38458577499,
    "peak_step_energy_mJ": 69595.27249999998,
    "p99_step_energy_mJ": 68322.34968999997,
    "energy_std_per_step_mJ": 8176.576210308445,
    "avg_batch_size": 60.7364,
    "batch_utilization": 97.96193548387097,
    "avg_position_in_batch": 1788.2503183338347,
    "avg_position_sum": 109552.00155,
    "energy_per_useful_token_mJ": 1265.2453361619635,
    "energy_efficiency": 0.790360550178697,
    "avg_energy_per_token_mJ": 914.4991238495348,
    "avg_ttft_steps": 505.6458333333333,
    "median_ttft_steps": 568.0,
    "p95_ttft_steps": 797.0,
    "p99_ttft_steps": 799.0,
    "avg_total_time_steps": 4886.830357142857,
    "avg_paused_steps": 71.66369047619048,
    "max_paused_steps": 640,
    "avg_delay_steps": 2581.179054054054,
    "econ": {
      "tokens_per_hour": 5267916.0,
      "throughput_tok_per_s": 1463.31,
      "total_cost_per_hour": 1.1510879998716912,
      "gpu_amort_per_hour": 0.8,
      "electricity_per_hour": 0.25108799987169117,
      "cost_per_M_tokens": 0.21850917893749466,
      "revenue_premium": 52.67916,
      "profit_premium": 51.52807200012831,
      "margin_premium": 97.81490821062505,
      "revenue_standard": 5.267916,
      "profit_standard": 4.116828000128308,
      "margin_standard": 78.14908210625052,
      "revenue_budget": 1.42233732,
      "profit_budget": 0.2712493201283088,
      "margin_budget": 19.070674467594568,
      "revenue_economy": 0.7375082400000001,
      "profit_economy": -0.41357975987169104,
      "margin_economy": -56.07798495535331
    }
  }
}